embedding_model,precision_at_3,recall_at_3,recall_at_5,mrr,ndcg_at_5,avg_retrieval_seconds
all_minilm_l6_v2,0.4166666666666667,0.625,0.7916666666666666,0.7708333333333334,0.6790455704469065,0.01342504999998558
bge_small_en_v1_5,0.5277777777777778,0.7916666666666666,0.875,0.8611111111111112,0.8061792849853572,0.022927449999997407
e5_small_v2,0.611111111111111,0.9166666666666666,0.9166666666666666,1.0,0.9221446636522743,0.02049830833334454
