embedding_model,precision_at_3,recall_at_3,recall_at_5,mrr,ndcg_at_5,avg_retrieval_seconds,params_millions,memory_mb_approx,index_disk_mb
all_minilm_l6_v2,0.27777777777777773,0.4166666666666667,0.6666666666666666,0.6666666666666666,0.5519395241216286,0.02194733333347661,22.7,90.0,1.112
bge_small_en_v1_5,0.3611111111111111,0.5416666666666666,0.5833333333333334,0.7916666666666666,0.5763400724468372,0.050110116666625494,33.4,130.0,1.112
e5_small_v2,0.27777777777777773,0.4166666666666667,0.5833333333333334,0.5819444444444445,0.46573403780382816,0.050546583333016315,33.4,130.0,1.112
nomic_embed_text,0.3333333333333333,0.5,0.625,0.6694444444444444,0.5503979613509045,2.2013763249998797,137.0,600.0,1.701
