embedding_model,label_accuracy,sufficient_evidence_rate,citation_hit_rate,avg_answer_similarity,avg_total_seconds
all_minilm_l6_v2,0.5833333333333334,0.6666666666666666,1.0,0.7413167307774226,5.253099474999847
bge_small_en_v1_5,0.9166666666666666,0.9166666666666666,0.9166666666666666,0.7415254960457484,5.439564666666532
e5_small_v2,0.5833333333333334,0.75,1.0,0.7670596092939377,5.089420200000063
