embedding_model,label_accuracy,sufficient_evidence_rate,citation_hit_rate,avg_answer_similarity,avg_total_seconds
all_minilm_l6_v2,0.5,0.8333333333333334,0.6666666666666666,0.7749193012714386,5.733470883333325
bge_small_en_v1_5,0.5833333333333334,0.8333333333333334,0.75,0.7760627567768097,5.718617583333327
e5_small_v2,0.8333333333333334,0.8333333333333334,0.8333333333333334,0.7715011984109879,5.756618199999991
